{"cameraMode":{"drawMode":0,"name":"Shaded","section":"Shading Mode"},"sceneLighting":true,"audioPlay":false,"sceneViewState":{"m_AlwaysRefresh":false,"showFog":true,"showSkybox":false,"showFlares":true,"showImageEffects":true,"showParticleSystems":true,"showVisualEffectGraphs":true,"m_FxEnabled":true},"in2DMode":false,"pivot":{"x":-8.112414360046387,"y":-0.020196111872792245,"z":-7.842365741729736},"rotation":{"x":-0.00008547212200937793,"y":-0.9986298084259033,"z":0.05701489746570587,"w":0.017205826938152314},"size":5.274896621704102,"orthographic":false}